{
  "ensemble_seeds": [
    42,
    69,
    140,
    2,
    21
  ],
  "n_models": 5,
  "best_threshold": 0.38000000000000006,
  "dev_f1_default": 0.46919431279620855,
  "dev_f1_tuned": 0.48068669527896996
}